Metric,Score
Accuracy,0.7960151802656547
Precision,0.8640741668015101
Recall,0.7960151802656547
F1 Score,0.7962107384554474
