Model,Accuracy,Precision,Recall,F1 Score
Random Forest,0.7117202268431002,0.7117204807734597,0.7117202268431002,0.7115771177289252
Logistic Regression,0.6909262759924386,0.6915813845503571,0.6909262759924386,0.6902105318577495
Naive Bayes,0.6739130434782609,0.6741686046920945,0.6739130434782609,0.6733828749308153
